;url;title;platform
1;https://enamplus.liputan6.com/news/read/5842228/prabowo-minta-koruptor-kembalikan-uang-beras-bebas-ppn-12-persen;Prabowo Minta Koruptor Kembalikan Uang, Beras Bebas PPN 12 Persen;liputan6.com
2;https://www.liputan6.com/bisnis/read/5842077/viral-tolak-ppn-12-ajakan-demo-di-istana-hingga-peringatan-darurat-kembali-muncul;Viral Tolak PPN 12%, Ajakan Demo di Istana hingga Peringatan Darurat Kembali Muncul;liputan6.com
3;https://www.liputan6.com/news/read/5841837/apa-saja-sektor-penting-bebas-ppn-12-persen;Apa Saja Sektor Penting Bebas PPN 12 Persen ?;liputan6.com
4;https://www.liputan6.com/saham/read/5841095/prospek-saham-indofood-hingga-unilever-di-tengah-kenaikan-ump-2025-dan-penerapan-ppn-12;Prospek Saham Indofood hingga Unilever di Tengah Kenaikan UMP 2025 dan Penerapan PPN 12%;liputan6.com
5;https://enamplus.liputan6.com/bisnis/read/5841176/barang-mewah-dan-jasa-premium-kena-ppn-12-persen-mulai-1-januari-2025;Barang Mewah dan Jasa Premium Kena PPN 12 Persen Mulai 1 Januari 2025;liputan6.com
6;https://enamplus.liputan6.com/bisnis/read/5841145/dampak-barang-mewah-dan-layanan-premium-kena-ppn-12-persen;Dampak Barang Mewah dan Layanan Premium Kena PPN 12 Persen;liputan6.com
7;https://www.liputan6.com/bisnis/read/5840975/beras-premium-tak-kena-ppn-12-persen-begini-penjelasan-menko-zulhas;Beras Premium Tak Kena PPN 12 Persen, Begini Penjelasan Menko Zulhas;liputan6.com
8;https://www.liputan6.com/bisnis/read/5840566/ppn-indonesia-tertinggi-di-asean-tapi-masih-rendah-dari-anggota-oecd;PPN Indonesia Tertinggi di ASEAN, tapi Masih Rendah dari Anggota OECD;liputan6.com
9;https://www.liputan6.com/hot/read/5840476/6-curhatan-netizen-soal-kenaikan-ppn-12-persen-mulai-2025-relate-banget;6 Curhatan Netizen Soal Kenaikan PPN 12 Persen Mulai 2025, Relate Banget;liputan6.com
10;https://www.liputan6.com/bisnis/read/5840339/pengusaha-antisipasi-penjualan-barang-mewah-tertekan-imbas-ppn-12;Pengusaha Antisipasi Penjualan Barang Mewah Tertekan Imbas PPN 12%;liputan6.com
11;https://www.liputan6.com/bisnis/read/5840311/814-juta-pelanggan-pln-bisa-dapat-diskon-listrik-50-siapa-saja;81,4 Juta Pelanggan PLN Bisa Dapat Diskon Listrik 50%, Siapa Saja?;liputan6.com
12;https://www.liputan6.com/bisnis/read/5839810/ppn-jadi-12-tarif-transportasi-umum-bakal-disesuaikan;PPN Jadi 12%, Tarif Transportasi Umum Bakal Disesuaikan;liputan6.com
13;https://www.liputan6.com/bisnis/read/5839746/soal-ppn-12-buruh-minta-kejelasan-definisi-barang-mewah;Soal PPN 12%, Buruh Minta Kejelasan Definisi Barang Mewah;liputan6.com
14;https://www.liputan6.com/bisnis/read/5839626/konsumsi-rumah-tangga-makin-loyo-imbas-ppn-12;Konsumsi Rumah Tangga Makin Loyo Imbas PPN 12%;liputan6.com
15;https://www.liputan6.com/bisnis/read/5839609/cegah-phk-massal-pengusaha-harus-kecipratan-insentif-ppn-12;Cegah PHK Massal, Pengusaha Harus Kecipratan Insentif PPN 12%;liputan6.com
16;https://www.liputan6.com/saham/read/5839603/cerestar-indonesia-sebut-kenaikan-ppn-bisa-turunkan-daya-beli;Cerestar Indonesia Sebut Kenaikan PPN Bisa Turunkan Daya Beli;liputan6.com
17;https://www.liputan6.com/hot/read/5839646/barang-apa-saja-yang-kena-ppn-12-ada-beras-premium-sampai-rumah-sakit-vip;Barang Apa Saja yang Kena PPN 12%? Ada Beras Premium sampai Rumah Sakit VIP;liputan6.com
18;https://www.liputan6.com/bisnis/read/5839524/maman-abdurrahman-pastikan-umkm-tak-kena-dampak-ppn-naik-jadi-12;Maman Abdurrahman Pastikan UMKM Tak Kena Dampak PPN Naik Jadi 12%;liputan6.com
19;https://www.liputan6.com/bisnis/read/5839404/stimulus-ppn-12-persen-cuma-2-bulan-cukupkah;Stimulus PPN 12 Persen Cuma 2 Bulan, Cukupkah?;liputan6.com
20;https://www.liputan6.com/bisnis/read/5839077/daftar-lengkap-insentif-yang-disebar-demi-redam-dampak-ppn-12;Daftar Lengkap Insentif yang Disebar Demi Redam Dampak PPN 12%;liputan6.com
21;https://www.liputan6.com/bisnis/read/5838998/ppn-jadi-12-ojk-jaga-industri-pembiayaan-biar-tak-terkapar;PPN Jadi 12%, OJK Jaga Industri Pembiayaan Biar Tak Terkapar;liputan6.com
22;https://www.liputan6.com/bisnis/read/5838695/ppn-barang-mewah-berlaku-1-januari-2025-apa-saja-risikonya;PPN Barang Mewah Berlaku 1 Januari 2025, Apa Saja Risikonya?;liputan6.com
23;https://www.liputan6.com/bisnis/read/5838113/menko-airlangga-hanya-barang-mewah-yang-kena-ppn-12;Menko Airlangga: Hanya Barang Mewah yang Kena PPN 12%;liputan6.com
24;https://www.liputan6.com/bisnis/read/5838446/ada-diskon-tarif-listrik-50-persen-apa-saja-syaratnya;Ada Diskon Tarif Listrik 50 Persen, Apa Saja Syaratnya?;liputan6.com
25;https://www.liputan6.com/hot/read/5837343/daftar-barang-dan-jasa-bebas-ppn-12-listrik-air-minum-dan-rumah-sederhana-termasuk;Daftar Barang dan Jasa Bebas PPn 12%, Listrik, Air Minum, dan Rumah Sederhana Termasuk;liputan6.com
26;https://www.liputan6.com/bisnis/read/5837105/alasan-sri-mulyani-tetap-naikkan-ppn-12-persen-per-1-januari-2025;Alasan Sri Mulyani Tetap Naikkan PPN 12 Persen per 1 Januari 2025;liputan6.com
27;https://www.liputan6.com/bisnis/read/5837070/nilai-insentif-ppn-2025-diproyeksi-tembus-rp-265-triliun;Nilai Insentif PPN 2025 Diproyeksi Tembus Rp 265 Triliun;liputan6.com
28;https://www.liputan6.com/bisnis/read/5837066/kesehatan-dan-pendidikan-kena-ppn-12-tapi-yang-premium;Kesehatan dan Pendidikan Kena PPN 12%, Tapi yang Premium;liputan6.com
29;https://www.liputan6.com/bisnis/read/5837009/bansos-beras-10-kg-disebar-awal-2025-begini-skemanya;Bansos Beras 10 Kg Disebar Awal 2025, Begini Skemanya;liputan6.com
30;https://www.liputan6.com/bisnis/read/5836928/daftar-barang-dan-jasa-tak-kena-ppn-12-persen-beras-hingga-angkutan-umum;Daftar Barang dan Jasa Tak Kena PPN 12 Persen: Beras hingga Angkutan Umum;liputan6.com
31;https://www.liputan6.com/bisnis/read/5836912/ppn-naik-jadi-12-persen-pemerintah-sebar-bansos-beras-hingga-diskon-listrik-50-persen;PPN Naik jadi 12 Persen, Pemerintah Sebar Bansos Beras hingga Diskon Listrik 50 Persen;liputan6.com
32;https://www.liputan6.com/otomotif/read/5836149/toyota-berupaya-tak-naikkan-harga-mobil-di-tengah-kebijakan-opsen-pajak-kendaraan-dan-ppn-12;Toyota Berupaya Tak Naikkan Harga Mobil di Tengah Kebijakan Opsen Pajak Kendaraan dan PPN ...;liputan6.com
33;https://www.liputan6.com/bisnis/read/5834767/ppn-12-dan-paket-kebijakan-ekonomi-diumumkan-senin-16-desember-2024-pukul-1000-wib;PPN 12% dan Paket Kebijakan Ekonomi Diumumkan Senin 16 Desember 2024 Pukul 10.00 WIB;liputan6.com
34;https://www.liputan6.com/bisnis/read/5834706/apa-pengaruh-ppn-12-ke-perbankan-ini-pengakuan-ojk;Apa Pengaruh PPN 12% ke Perbankan? Ini Pengakuan OJK;liputan6.com
35;https://www.liputan6.com/news/read/5834657/pemerintah-umumkan-kenaikan-ppn-12-persen-senin-pekan-depan;Pemerintah Umumkan Kenaikan PPN 12 Persen Senin Pekan Depan;liputan6.com
36;https://www.liputan6.com/bisnis/read/5834567/ppn-jadi-12-kemampuan-bayar-kredit-bank-berkurang;PPN Jadi 12%, Kemampuan Bayar Kredit Bank Berkurang?;liputan6.com
37;https://www.liputan6.com/bisnis/read/5830821/sri-mulyani-pilih-pilah-barang-yang-kena-ppn-12;Sri Mulyani Pilih Pilah Barang yang Kena PPN 12%;liputan6.com
38;https://www.liputan6.com/bisnis/read/5830855/beras-listrik-tak-kena-ppn-12-negara-tekor-rp-2656-triliun;Beras-Listrik Tak Kena PPN 12%, Negara Tekor Rp 265,6 Triliun;liputan6.com
39;https://www.liputan6.com/bisnis/read/5826751/pemerintah-siapkan-insentif-antisipasi-ppn-12-siapa-yang-dapat;Pemerintah Siapkan Insentif Antisipasi PPN 12%, Siapa yang Dapat?;liputan6.com
40;https://www.liputan6.com/bisnis/read/5826123/barang-mewah-kena-ppn-12-persen-awas-warga-miskin-ikut-terdampak;Barang Mewah Kena PPN 12 Persen, Awas Warga Miskin Ikut Terdampak;liputan6.com
41;https://www.liputan6.com/hot/read/5825700/barang-mewah-yang-akan-dikenakan-ppn-12-mulai-2025-apa-saja-yang-termasuk;Barang Mewah yang Akan Dikenakan PPN 12% Mulai 2025, Apa Saja yang Termasuk?;liputan6.com
42;https://www.liputan6.com/news/read/5826029/5-respons-dpr-ri-terkait-kenaikan-ppn-12-persen-sebut-hanya-untuk-barang-mewah;5 Respons DPR RI Terkait Kenaikan PPN 12 Persen, Sebut Hanya untuk Barang Mewah;liputan6.com
43;https://www.liputan6.com/bisnis/read/5825318/benarkah-kenaikan-ppn-12-hanya-dirasakan-orang-kaya;Benarkah Kenaikan PPN 12% Hanya Dirasakan Orang Kaya?;liputan6.com
44;https://www.liputan6.com/news/read/5823151/ppn-naik-12-persen-di-2025-tenaga-ahli-dpr-hanya-berlaku-untuk-barang-mewah;PPN Naik 12 Persen di 2025, Tenaga Ahli DPR: Hanya Berlaku untuk Barang Mewah;liputan6.com
45;https://www.liputan6.com/bisnis/read/5821570/ppn-12-persen-cuma-untuk-barang-mewah-luhut-buka-suara;PPN 12 Persen Cuma untuk Barang Mewah, Luhut Buka Suara;liputan6.com
46;https://www.liputan6.com/bisnis/read/5821540/pemerintah-kaji-ppn-tak-1-tarif-ini-bocorannya;Pemerintah Kaji PPN Tak 1 Tarif, Ini Bocorannya;liputan6.com
47;https://www.liputan6.com/bisnis/read/5821426/pengumuman-ppn-12-hanya-untuk-barang-mewah;Pengumuman! PPN 12% Hanya untuk Barang Mewah;liputan6.com
48;https://www.liputan6.com/news/read/5820370/dasco-ppn-12-persen-dikenakan-hanya-kepada-barang-mewah;Dasco: PPN 12 Persen Dikenakan Hanya kepada Barang Mewah;liputan6.com
49;https://www.liputan6.com/bisnis/read/5819087/nasib-digantung-kenaikan-ppn-pengusaha-umkm-tunggu-sri-mulyani-buka-suara;Nasib Digantung Kenaikan PPN, Pengusaha UMKM Tunggu Sri Mulyani Buka Suara;liputan6.com
50;https://www.liputan6.com/news/read/5819060/polemik-kenaikan-pajak-12-persen-pemerintah-diminta-siapkan-skema-perlindungan-kalangan-menengah;Polemik Kenaikan Pajak 12 Persen, Pemerintah Diminta Siapkan Skema Perlindungan Kalangan M...;liputan6.com
51;https://www.liputan6.com/bisnis/read/5818200/kepastian-ppn-12-diumumkan-pekan-depan;Kepastian PPN 12% Diumumkan Pekan Depan;liputan6.com
52;https://www.liputan6.com/bisnis/read/5817525/menengok-prospek-ekonomi-2025-di-tengah-rencana-kenaikan-ppn;Menengok Prospek Ekonomi 2025 di Tengah Rencana Kenaikan PPN;liputan6.com
53;https://www.liputan6.com/bisnis/read/5817432/bantah-luhut-kemenkeu-pastikan-ppn-12-berlaku-1-januari-2025;Bantah Luhut, Kemenkeu Pastikan PPN 12% Berlaku 1 Januari 2025;liputan6.com
54;https://www.liputan6.com/bisnis/read/5814853/membedah-tarik-ulur-penerapan-ppn-12-per-1-januari-2025;Membedah Tarik Ulur Penerapan PPN 12% per 1 Januari 2025;liputan6.com
55;https://www.liputan6.com/bisnis/read/5814752/luhut-minta-kebijakan-ppn-12-diundur-sri-mulyani-cs-galau;Luhut Minta Kebijakan PPN 12% Diundur, Sri Mulyani Cs Galau;liputan6.com
56;https://www.liputan6.com/news/read/5812388/pb-hmi-tuntut-kenaikan-ppn-12-dibatalkan-bebani-masyarakat-kecil;PB HMIÂ Tuntut Kenaikan PPN 12% Dibatalkan: Bebani Masyarakat Kecil;liputan6.com
57;https://enamplus.liputan6.com/bisnis/read/5812032/tarik-ulur-rencana-kenaikan-ppn-12-persen-di-januari-2025;Tarik Ulur Rencana Kenaikan PPN 12 Persen di Januari 2025;liputan6.com
58;https://enamplus.liputan6.com/bisnis/read/5812026/tarik-ulur-kenaikan-ppn-12-di-2025;Tarik Ulur Kenaikan PPN 12% Di 2025;liputan6.com
59;https://www.liputan6.com/bisnis/read/5811963/arsjad-rasjid-minta-pemerintah-tunda-rencana-ppn-12;Arsjad Rasjid Minta Pemerintah Tunda Rencana PPN 12%;liputan6.com
60;https://www.liputan6.com/bisnis/read/5810753/pengusaha-belum-lihat-dampak-positif-kenaikan-ppn-jadi-12;Pengusaha Belum Lihat Dampak Positif Kenaikan PPN jadi 12%;liputan6.com
61;https://www.liputan6.com/news/read/5810752/infografis-tarik-ulur-rencana-kenaikan-ppn-12-persen-di-januari-2025-dan-plus-minusnya;Infografis Tarik Ulur Rencana Kenaikan PPN 12 Persen di Januari 2025 dan Plus Minusnya;liputan6.com
62;https://www.liputan6.com/bisnis/read/5810800/tarik-ulur-rencana-kenaikan-ppn-12-di-januari-2025-plus-minusnya;Tarik Ulur Rencana Kenaikan PPN 12% di Januari 2025, Plus Minusnya?;liputan6.com
63;https://www.liputan6.com/bisnis/read/5810926/ppn-12-batal-berlaku-2025-ini-kata-ditjen-pajak;PPN 12% Batal Berlaku 2025? Ini Kata Ditjen Pajak;liputan6.com
64;https://www.liputan6.com/bisnis/read/5810731/tarif-ppn-12-bakal-ditunda-ekonom-tak-jelas-maju-mundur;Tarif PPN 12% Bakal Ditunda, Ekonom: Tak Jelas Maju Mundur;liputan6.com
65;https://www.liputan6.com/bisnis/read/5810726/ppn-naik-jadi-12-buruh-minta-jatah-bansos;PPN Naik Jadi 12%, Buruh Minta Jatah Bansos;liputan6.com
66;https://www.liputan6.com/bisnis/read/5810694/siap-siap-harga-rumah-naik-5-akibat-ppn-naik-jadi-12;Siap-Siap, Harga Rumah Naik 5% Akibat PPN Naik Jadi 12%;liputan6.com
67;https://www.liputan6.com/bisnis/read/5809628/top-3-daftar-barang-yang-kena-ppn-12-per-1-januari-2025;Top 3: Daftar Barang yang Kena PPN 12% per 1 Januari 2025;liputan6.com
68;https://www.liputan6.com/bisnis/read/5809386/ppn-naik-jadi-12-pengusaha-bakal-dapat-stimulus;PPN Naik Jadi 12%, Pengusaha Bakal Dapat Stimulus;liputan6.com
69;https://www.liputan6.com/bisnis/read/5809313/kenaikan-ppn-jadi-12-pada-2025-luhut-sebut-hampir-pasti-diundur;Kenaikan PPN Jadi 12% pada 2025, Luhut Sebut Hampir Pasti Diundur;liputan6.com
70;https://www.liputan6.com/bisnis/read/5809293/persimpangan-jalan-ppn-12-dari-frugal-living-hingga-ekonomi-tersendat;Persimpangan Jalan PPN 12%: dari Frugal Living hingga Ekonomi Tersendat;liputan6.com
71;https://www.liputan6.com/bisnis/read/5809286/ppn-naik-jadi-12-tahun-depan-frugal-living-jadi-solusi;PPN Naik Jadi 12% Tahun Depan, Frugal Living Jadi Solusi?;liputan6.com
72;https://www.liputan6.com/bisnis/read/5809284/arti-frugal-living-yang-ramai-diperbincangkan-dampak-rencana-kenaikan-ppn-12;Arti Frugal Living yang Ramai Diperbincangkan Dampak Rencana Kenaikan PPN 12%;liputan6.com
73;https://www.liputan6.com/bisnis/read/5809192/ppn-12-diprediksi-tambah-penerimaan-negara-rp-75-triliun;PPN 12% Diprediksi Tambah Penerimaan Negara Rp 75 Triliun;liputan6.com
74;https://www.liputan6.com/bisnis/read/5809186/daftar-barang-yang-kena-ppn-12-per-1-januari-2025-ada-kulkas-hingga-pulsa;Daftar Barang yang Kena PPN 12% per 1 Januari 2025, Ada Kulkas hingga Pulsa;liputan6.com
75;https://www.liputan6.com/bisnis/read/5808922/kenaikan-ump-2025-jadi-angin-segar-pekerja-tapi-pupus-gara-gara-ppn-12;Kenaikan UMP 2025 Jadi Angin Segar Pekerja, tapi Pupus Gara-Gara PPN 12%;liputan6.com
76;https://www.liputan6.com/bisnis/read/5808233/hadapi-kenaikan-ump-plus-ppn-12-pengusaha-rayu-sri-mulyani;Hadapi Kenaikan UMP Plus PPN 12%, Pengusaha Rayu Sri Mulyani;liputan6.com
77;https://www.liputan6.com/bisnis/read/5804529/ppn-bakal-naik-jadi-12-pengusaha-cemaskan-hal-ini;PPN Bakal Naik jadi 12%, Pengusaha Cemaskan Hal Ini;liputan6.com
78;https://www.liputan6.com/bisnis/read/5804119/ppn-12-bikin-daya-beli-masyarakat-makin-anjlok-benarkah;PPN 12% Bikin Daya Beli Masyarakat Makin Anjlok, Benarkah?;liputan6.com
79;https://www.liputan6.com/bisnis/read/5804013/pengusaha-konstruksi-tolak-ppn-12-ini-bahayanya;Pengusaha Konstruksi Tolak PPN 12%, Ini Bahayanya;liputan6.com
80;https://www.liputan6.com/bisnis/read/5803739/kip-belum-ada-laporan-masyarakat-terkait-ppn-jadi-12;KIP: Belum Ada Laporan Masyarakat Terkait PPN jadi 12%;liputan6.com
81;https://www.liputan6.com/news/read/5803650/komisi-informasi-pusat-jelaskan-prosedur-pengaduan-terkait-kenaikan-ppn-12;Komisi Informasi Pusat Jelaskan Prosedur Pengaduan Terkait Kenaikan PPN 12%;liputan6.com
82;https://www.liputan6.com/news/read/5803612/komisioner-komisi-informasi-jakarta-beberkan-dampak-turunan-ppn-naik-12;Komisioner Komisi Informasi Jakarta Beberkan Dampak Turunan PPN Naik 12%;liputan6.com
83;https://www.liputan6.com/bisnis/read/5803500/ppn-naik-jadi-12-banyak-masyarakat-belum-tahu;PPN Naik jadi 12%, Banyak Masyarakat Belum Tahu?;liputan6.com
84;https://www.liputan6.com/bisnis/read/5802467/tarif-ppn-2025-naik-jadi-12-indef-beri-catatan;Tarif PPN 2025 Naik Jadi 12%, Indef Beri Catatan;liputan6.com
85;https://www.liputan6.com/bisnis/read/5800834/top-3-tarif-ppn-12-bakal-bikin-pemerintah-bebas-belanja;Top 3: Tarif PPN 12% Bakal Bikin Pemerintah Bebas Belanja;liputan6.com
86;https://www.liputan6.com/bisnis/read/5800182/ppn-naik-jadi-12-mulai-2025-dpr-bilang-begini;PPN Naik Jadi 12% Mulai 2025, DPR Bilang Begini;liputan6.com
87;https://www.liputan6.com/hot/read/5800072/6-cuitan-netizen-keluhkan-ppn-naik-12-persen-mulai-2025-ini-bikin-elus-dada;6 Cuitan Netizen Keluhkan PPN Naik 12 Persen Mulai 2025 Ini Bikin Elus Dada;liputan6.com
88;https://www.liputan6.com/bisnis/read/5800085/ppn-12-bakal-berlaku-pada-2025-ini-tanggapan-pengamat;PPN 12% Bakal Berlaku pada 2025, Ini Tanggapan Pengamat;liputan6.com
89;https://www.liputan6.com/bisnis/read/5799933/tarif-ppn-12-bakal-bikin-pemerintah-bebas-belanja-untuk-pembangunan;Tarif PPN 12% Bakal Bikin Pemerintah Bebas Belanja untuk Pembangunan;liputan6.com
90;https://www.liputan6.com/hot/read/5798985/ppn-naik-12-persen-barang-apa-saja-yang-ikut-naik;PPN Naik 12 Persen, Barang Apa Saja yang Ikut Naik?;liputan6.com
91;https://www.liputan6.com/bisnis/read/5799080/ylki-tolak-ppn-12-pemerintah-kejar-pajak-orang-kaya-bukan-rakyat-kecil;YLKI Tolak PPN 12%: Pemerintah Kejar Pajak Orang Kaya, Bukan Rakyat Kecil;liputan6.com
92;https://www.liputan6.com/tekno/read/5798888/ppn-12-trending-topic-warganet-ramai-ramai-tolak-kenaikan-pajak;PPN 12% Trending Topic, Warganet Ramai-Ramai Tolak Kenaikan Pajak;liputan6.com
93;https://www.liputan6.com/bisnis/read/5797797/ppn-naik-jadi-12-bisa-kurangi-beban-utang;PPN Naik Jadi 12% Bisa Kurangi Beban Utang;liputan6.com
94;https://www.liputan6.com/hot/read/5797403/dampak-kenaikan-ppn-jadi-12-persen-tahun-depan-bagi-pelaku-usaha;Dampak Kenaikan PPN Jadi 12 Persen Tahun Depan bagi Pelaku Usaha;liputan6.com
95;https://www.liputan6.com/hot/read/5797152/6-fakta-ppn-12-tertinggi-di-asean-apa-dampaknya-bagi-masyarakat-indonesia;6 Fakta PPN 12% Tertinggi di ASEAN, Apa Dampaknya bagi Masyarakat Indonesia?;liputan6.com
96;https://www.liputan6.com/bisnis/read/5797234/mengenal-frugal-living-yang-ramai-di-medsos-usai-ppn-12-tetap-berlaku-2025;Mengenal Frugal Living yang Ramai di Medsos Usai PPN 12% Tetap Berlaku 2025;liputan6.com
97;https://www.liputan6.com/bisnis/read/5794830/waspada-ppn-12-mulai-2025-picu-phk-massal;Waspada PPN 12% mulai 2025 Picu PHK Massal;liputan6.com
98;https://www.liputan6.com/bisnis/read/5793228/tarif-ppn-naik-12-siap-siap-ongkos-infrastruktur-membengkak;Tarif PPN Naik 12%, Siap-Siap Ongkos Infrastruktur Membengkak;liputan6.com
99;https://www.liputan6.com/saham/read/5793291/ppn-12-berlaku-pada-2025-saham-saham-ini-bakal-kena-getahnya;PPN 12% Berlaku pada 2025, Saham-Saham Ini Bakal Kena Getahnya;liputan6.com
100;https://www.liputan6.com/bisnis/read/5787733/catat-ppn-12-tetap-berlaku-di-2025;Catat, PPN 12% Tetap Berlaku di 2025;liputan6.com
101;https://www.liputan6.com/bisnis/read/5773435/menko-airlangga-bicara-terkait-kepastian-ppn-12-hingga-subsidi-bbm;Menko Airlangga Bicara Terkait Kepastian PPN 12% hingga Subsidi BBM;liputan6.com
102;https://www.liputan6.com/bisnis/read/5743482/orang-dekat-prabowo-tak-setuju-jika-ppn-naik-jadi-12-di-2025-ini-alasannya;Orang Dekat Prabowo Tak Setuju Jika PPN Naik jadi 12% di 2025, Ini Alasannya;liputan6.com
103;https://www.liputan6.com/bisnis/read/5713046/ppn-naik-jadi-12-bisa-bantu-biayai-program-makan-bergizi-gratis;PPN Naik Jadi 12% Bisa Bantu Biayai Program Makan Bergizi Gratis;liputan6.com
104;https://www.liputan6.com/bisnis/read/5705798/prabowo-belum-tentu-naikkan-ppn-12-tahun-depan-ini-syaratnya;Prabowo Belum Tentu Naikkan PPN 12% Tahun Depan, Ini Syaratnya;liputan6.com
105;https://www.liputan6.com/bisnis/read/5700753/top-3-ppn-bakal-naik-12;Top 3: PPN Bakal Naik 12%;liputan6.com
106;https://www.liputan6.com/bisnis/read/5700284/ppn-bakal-naik-12-mimpi-buruk-bagi-rakyat;PPN Bakal Naik 12 %, Mimpi Buruk bagi Rakyat?;liputan6.com
107;https://www.liputan6.com/bisnis/read/5686531/pengusaha-ritel-kerek-daya-beli-dulu-baru-naikkan-ppn-12;Pengusaha Ritel: Kerek Daya Beli Dulu Baru Naikkan PPN 12%;liputan6.com
108;https://www.liputan6.com/bisnis/read/5686487/rencana-ppn-12-hingga-nasib-cukai-minuman-manis-ada-di-tangan-prabowo;Rencana PPN 12% hingga Nasib Cukai Minuman Manis Ada di Tangan Prabowo;liputan6.com
109;https://www.liputan6.com/bisnis/read/5686322/pengusaha-minta-pemerintah-tunda-kenaikan-ppn-12-kasihan-kelas-menengah;Pengusaha Minta Pemerintah Tunda Kenaikan PPN 12%: Kasihan Kelas Menengah;liputan6.com
110;https://www.liputan6.com/bisnis/read/5673215/ppn-naik-jadi-12-siap-siap-harga-barang-makin-mahal;PPN Naik jadi 12%, Siap-Siap Harga Barang Makin Mahal;liputan6.com
111;https://www.liputan6.com/bisnis/read/5659024/pengusaha-mal-tolak-ppn-12-gerus-daya-beli-masyarakat;Pengusaha Mal Tolak PPN 12%: Gerus Daya Beli Masyarakat;liputan6.com
112;https://www.liputan6.com/bisnis/read/5654102/ppn-bakal-naik-tahun-depan-siap-siap;PPN Bakal Naik Tahun Depan, Siap-Siap!;liputan6.com
113;https://www.liputan6.com/bisnis/read/5639188/minta-rencana-ppn-12-di-2025-ditunda-faisal-basri-rasa-keadilannya-di-mana;Minta Rencana PPN 12% di 2025 ditunda, Faisal Basri: Rasa Keadilannya di Mana?;liputan6.com
114;https://www.liputan6.com/news/read/5561796/ppn-naik-12-pengamat-tak-mungkin-presiden-naikin-bbm-lagi;PPN Naik 12%, Pengamat: Tak Mungkin Presiden Naikin BBM Lagi;liputan6.com
